term	language	type	decade	count
Enlightenment	Dutch	search_term	1790	12
Enlightenment	Dutch	search_term	1800	3
Enlightenment	French	search_term	1510	1
Enlightenment	French	search_term	1530	1
Enlightenment	French	search_term	1540	5
Enlightenment	French	search_term	1550	7
Enlightenment	French	search_term	1560	8
Enlightenment	French	search_term	1570	16
Enlightenment	French	search_term	1580	18
Enlightenment	French	search_term	1590	18
Enlightenment	French	search_term	1600	24
Enlightenment	French	search_term	1610	32
Enlightenment	French	search_term	1620	21
Enlightenment	French	search_term	1630	26
Enlightenment	French	search_term	1640	23
Enlightenment	French	search_term	1650	23
Enlightenment	French	search_term	1660	37
Enlightenment	French	search_term	1670	21
Enlightenment	French	search_term	1680	16
Enlightenment	French	search_term	1690	17
Enlightenment	French	search_term	1700	8
Enlightenment	French	search_term	1710	10
Enlightenment	French	search_term	1720	18
Enlightenment	French	search_term	1730	21
Enlightenment	French	search_term	1740	6
Enlightenment	French	search_term	1750	14
Enlightenment	French	search_term	1760	11
Enlightenment	French	search_term	1770	3
Enlightenment	French	search_term	1780	13
Enlightenment	French	search_term	1790	5
Enlightenment	French	search_term	17u0	2
Enlightenment	German	search_term	1760	1
Enlightenment	German	search_term	1770	1
Enlightenment	German	search_term	1780	6
Enlightenment	German	search_term	1790	3
Enlightenment	German	search_term	17u0	1
Enlightenment	Italian	search_term	1590	1
Enlightenment	Italian	search_term	1650	2
Enlightenment	Italian	search_term	1660	1
Enlightenment	Italian	search_term	1680	1
Enlightenment	Italian	search_term	1690	1
Enlightenment	Italian	search_term	1700	1
Enlightenment	Italian	search_term	1720	2
Enlightenment	Italian	search_term	1740	1
Enlightenment	Italian	search_term	1780	2
Enlightenment	Italian	search_term	1790	1
justice	Dutch	search_term	1700	1
justice	Dutch	search_term	1750	3
justice	Dutch	search_term	1770	3
justice	Dutch	search_term	1790	1
justice	English	search_term	1500	4
justice	English	search_term	1520	2
justice	English	search_term	1530	6
justice	English	search_term	1540	6
justice	English	search_term	1550	19
justice	English	search_term	1560	11
justice	English	search_term	1570	17
justice	English	search_term	1580	19
justice	English	search_term	1590	14
justice	English	search_term	1600	20
justice	English	search_term	1610	33
justice	English	search_term	1620	30
justice	English	search_term	1630	116
justice	English	search_term	1640	759
justice	English	search_term	1650	834
justice	English	search_term	1660	677
justice	English	search_term	1670	548
justice	English	search_term	1680	774
justice	English	search_term	1690	386
justice	English	search_term	16u0	2
justice	English	search_term	1700	519
justice	English	search_term	1710	755
justice	English	search_term	1720	532
justice	English	search_term	1730	625
justice	English	search_term	1740	367
justice	English	search_term	1750	572
justice	English	search_term	1760	448
justice	English	search_term	1770	1258
justice	English	search_term	1780	936
justice	English	search_term	1790	1473
justice	English	search_term	17u0	9
justice	English	search_term	1800	135
justice	French	search_term	1500	6
justice	French	search_term	1510	2
justice	French	search_term	1520	5
justice	French	search_term	1530	15
justice	French	search_term	1540	15
justice	French	search_term	1550	13
justice	French	search_term	1560	12
justice	French	search_term	1570	13
justice	French	search_term	1580	15
justice	French	search_term	1590	10
justice	French	search_term	15u0	3
justice	French	search_term	1600	29
justice	French	search_term	1610	27
justice	French	search_term	1620	33
justice	French	search_term	1630	22
justice	French	search_term	1640	30
justice	French	search_term	1650	16
justice	French	search_term	1660	55
justice	French	search_term	1670	45
justice	French	search_term	1680	50
justice	French	search_term	1690	37
justice	French	search_term	16u0	1
justice	French	search_term	1700	51
justice	French	search_term	1710	139
justice	French	search_term	1720	112
justice	French	search_term	1730	88
justice	French	search_term	1740	88
justice	French	search_term	1750	97
justice	French	search_term	1760	134
justice	French	search_term	1770	204
justice	French	search_term	1780	546
justice	French	search_term	1790	958
justice	French	search_term	17u0	2
justice	French	search_term	1800	27
justice	German	search_term	1510	16
justice	German	search_term	1520	27
justice	German	search_term	1530	50
justice	German	search_term	1540	15
justice	German	search_term	1550	97
justice	German	search_term	1560	15
justice	German	search_term	1570	9
justice	German	search_term	1580	7
justice	German	search_term	1590	3
justice	German	search_term	15u0	1
justice	German	search_term	1600	6
justice	German	search_term	1610	5
justice	German	search_term	1620	6
justice	German	search_term	1640	3
justice	German	search_term	1650	11
justice	German	search_term	1660	6
justice	German	search_term	1670	13
justice	German	search_term	1680	3
justice	German	search_term	1690	4
justice	German	search_term	1700	13
justice	German	search_term	1710	5
justice	German	search_term	1720	13
justice	German	search_term	1730	10
justice	German	search_term	1740	22
justice	German	search_term	1750	18
justice	German	search_term	1760	3
justice	German	search_term	1770	18
justice	German	search_term	1780	23
justice	German	search_term	1790	8
justice	German	search_term	1800	1
justice	Italian	search_term	1520	1
justice	Italian	search_term	1550	1
justice	Italian	search_term	1560	5
justice	Italian	search_term	1570	4
justice	Italian	search_term	1580	3
justice	Italian	search_term	1590	1
justice	Italian	search_term	1610	7
justice	Italian	search_term	1620	2
justice	Italian	search_term	1630	2
justice	Italian	search_term	1640	3
justice	Italian	search_term	1660	4
justice	Italian	search_term	1670	5
justice	Italian	search_term	1680	3
justice	Italian	search_term	1690	9
justice	Italian	search_term	1700	3
justice	Italian	search_term	1710	5
justice	Italian	search_term	1720	2
justice	Italian	search_term	1730	7
justice	Italian	search_term	1740	8
justice	Italian	search_term	1750	9
justice	Italian	search_term	1760	13
justice	Italian	search_term	1770	10
justice	Italian	search_term	1780	25
justice	Italian	search_term	1790	21
justice	Italian	search_term	1800	2
justice	Latin	search_term	1510	1
justice	Latin	search_term	1520	2
justice	Latin	search_term	1540	2
justice	Latin	search_term	1550	1
justice	Latin	search_term	1560	4
justice	Latin	search_term	1570	4
justice	Latin	search_term	1580	21
justice	Latin	search_term	1590	7
justice	Latin	search_term	1600	10
justice	Latin	search_term	1610	9
justice	Latin	search_term	1620	2
justice	Latin	search_term	1630	19
justice	Latin	search_term	1640	17
justice	Latin	search_term	1650	61
justice	Latin	search_term	1660	15
justice	Latin	search_term	1670	28
justice	Latin	search_term	1680	21
justice	Latin	search_term	1690	31
justice	Latin	search_term	1700	22
justice	Latin	search_term	1710	31
justice	Latin	search_term	1720	12
justice	Latin	search_term	1730	29
justice	Latin	search_term	1740	12
justice	Latin	search_term	1750	13
justice	Latin	search_term	1760	21
justice	Latin	search_term	1770	20
justice	Latin	search_term	1780	8
justice	Latin	search_term	1790	1
justice	Latin	search_term	17u0	1
justice	Latin	search_term	1800	1
justice	Spanish	search_term	1520	5
justice	Spanish	search_term	1530	4
justice	Spanish	search_term	1540	3
justice	Spanish	search_term	1550	4
justice	Spanish	search_term	1560	1
justice	Spanish	search_term	1570	1
justice	Spanish	search_term	1590	17
justice	Spanish	search_term	1600	12
justice	Spanish	search_term	1610	7
justice	Spanish	search_term	1620	4
justice	Spanish	search_term	1630	12
justice	Spanish	search_term	1640	14
justice	Spanish	search_term	1650	15
justice	Spanish	search_term	1660	11
justice	Spanish	search_term	1670	9
justice	Spanish	search_term	1680	12
justice	Spanish	search_term	1690	13
justice	Spanish	search_term	16u0	7
justice	Spanish	search_term	1700	20
justice	Spanish	search_term	1710	18
justice	Spanish	search_term	1720	21
justice	Spanish	search_term	1730	26
justice	Spanish	search_term	1740	36
justice	Spanish	search_term	1750	41
justice	Spanish	search_term	1760	36
justice	Spanish	search_term	1770	107
justice	Spanish	search_term	1780	66
justice	Spanish	search_term	1790	77
justice	Spanish	search_term	17u0	18
justice	Spanish	search_term	1800	3
king, queen	Dutch	search_term	1610	5
king, queen	Dutch	search_term	1620	12
king, queen	Dutch	search_term	1630	3
king, queen	Dutch	search_term	1640	12
king, queen	Dutch	search_term	1650	31
king, queen	Dutch	search_term	1660	75
king, queen	Dutch	search_term	1670	65
king, queen	Dutch	search_term	1680	207
king, queen	Dutch	search_term	1690	145
king, queen	Dutch	search_term	16u0	1
king, queen	Dutch	search_term	1700	95
king, queen	Dutch	search_term	1710	57
king, queen	Dutch	search_term	1720	22
king, queen	Dutch	search_term	1730	16
king, queen	Dutch	search_term	1740	32
king, queen	Dutch	search_term	1750	20
king, queen	Dutch	search_term	1760	14
king, queen	Dutch	search_term	1770	24
king, queen	Dutch	search_term	1780	69
king, queen	Dutch	search_term	1790	56
king, queen	Dutch	search_term	17u0	2
king, queen	Dutch	search_term	1800	2
king, queen	English	search_term	1500	41
king, queen	English	search_term	1510	31
king, queen	English	search_term	1520	40
king, queen	English	search_term	1530	21
king, queen	English	search_term	1540	81
king, queen	English	search_term	1550	92
king, queen	English	search_term	1560	192
king, queen	English	search_term	1570	292
king, queen	English	search_term	1580	569
king, queen	English	search_term	1590	1155
king, queen	English	search_term	15u0	9
king, queen	English	search_term	1600	2221
king, queen	English	search_term	1610	2475
king, queen	English	search_term	1620	4092
king, queen	English	search_term	1630	3189
king, queen	English	search_term	1640	9873
king, queen	English	search_term	1650	3214
king, queen	English	search_term	1660	7240
king, queen	English	search_term	1670	4201
king, queen	English	search_term	1680	10619
king, queen	English	search_term	1690	9160
king, queen	English	search_term	16u0	64
king, queen	English	search_term	1700	6880
king, queen	English	search_term	1710	6866
king, queen	English	search_term	1720	3304
king, queen	English	search_term	1730	3428
king, queen	English	search_term	1740	3305
king, queen	English	search_term	1750	3051
king, queen	English	search_term	1760	3089
king, queen	English	search_term	1770	2694
king, queen	English	search_term	1780	2990
king, queen	English	search_term	1790	4633
king, queen	English	search_term	17u0	138
king, queen	English	search_term	1800	641
king, queen	French	search_term	1500	143
king, queen	French	search_term	1510	1
king, queen	French	search_term	1520	1
king, queen	French	search_term	1530	2
king, queen	French	search_term	1540	5
king, queen	French	search_term	1550	14
king, queen	French	search_term	1560	20
king, queen	French	search_term	1570	20
king, queen	French	search_term	1580	44
king, queen	French	search_term	1590	17
king, queen	French	search_term	15u0	1
king, queen	French	search_term	1600	260
king, queen	French	search_term	1610	66
king, queen	French	search_term	1620	77
king, queen	French	search_term	1630	53
king, queen	French	search_term	1640	182
king, queen	French	search_term	1650	103
king, queen	French	search_term	1660	159
king, queen	French	search_term	1670	113
king, queen	French	search_term	1680	221
king, queen	French	search_term	1690	356
king, queen	French	search_term	16u0	3
king, queen	French	search_term	1700	388
king, queen	French	search_term	1710	602
king, queen	French	search_term	1720	527
king, queen	French	search_term	1730	539
king, queen	French	search_term	1740	993
king, queen	French	search_term	1750	2134
king, queen	French	search_term	1760	3164
king, queen	French	search_term	1770	6271
king, queen	French	search_term	1780	13660
king, queen	French	search_term	1790	8523
king, queen	French	search_term	17u0	43
king, queen	French	search_term	1800	124
king, queen	German	search_term	1510	6
king, queen	German	search_term	1520	24
king, queen	German	search_term	1540	7
king, queen	German	search_term	1550	8
king, queen	German	search_term	1570	4
king, queen	German	search_term	1580	3
king, queen	German	search_term	1600	3
king, queen	German	search_term	1610	4
king, queen	German	search_term	1620	2
king, queen	German	search_term	1630	1
king, queen	German	search_term	1640	4
king, queen	German	search_term	1650	1
king, queen	German	search_term	1660	1
king, queen	German	search_term	1670	1
king, queen	German	search_term	1680	9
king, queen	German	search_term	1690	5
king, queen	German	search_term	1700	6
king, queen	German	search_term	1710	9
king, queen	German	search_term	1720	7
king, queen	German	search_term	1730	5
king, queen	German	search_term	1740	1
king, queen	German	search_term	1750	2
king, queen	German	search_term	1770	2
king, queen	German	search_term	1780	11
king, queen	German	search_term	1790	10
king, queen	German	search_term	1800	3
king, queen	Italian	search_term	1500	23
king, queen	Italian	search_term	1510	27
king, queen	Italian	search_term	1520	54
king, queen	Italian	search_term	1530	61
king, queen	Italian	search_term	1540	127
king, queen	Italian	search_term	1550	136
king, queen	Italian	search_term	1560	109
king, queen	Italian	search_term	1570	128
king, queen	Italian	search_term	1580	129
king, queen	Italian	search_term	1590	126
king, queen	Italian	search_term	15u0	6
king, queen	Italian	search_term	1600	106
king, queen	Italian	search_term	1610	87
king, queen	Italian	search_term	1620	80
king, queen	Italian	search_term	1630	69
king, queen	Italian	search_term	1640	85
king, queen	Italian	search_term	1650	69
king, queen	Italian	search_term	1660	91
king, queen	Italian	search_term	1670	73
king, queen	Italian	search_term	1680	115
king, queen	Italian	search_term	1690	94
king, queen	Italian	search_term	16u0	12
king, queen	Italian	search_term	1700	94
king, queen	Italian	search_term	1710	81
king, queen	Italian	search_term	1720	111
king, queen	Italian	search_term	1730	168
king, queen	Italian	search_term	1740	98
king, queen	Italian	search_term	1750	144
king, queen	Italian	search_term	1760	164
king, queen	Italian	search_term	1770	129
king, queen	Italian	search_term	1780	158
king, queen	Italian	search_term	1790	192
king, queen	Italian	search_term	17u0	14
king, queen	Italian	search_term	1800	16
king, queen	Latin	search_term	1500	162
king, queen	Latin	search_term	1510	275
king, queen	Latin	search_term	1520	249
king, queen	Latin	search_term	1530	263
king, queen	Latin	search_term	1540	193
king, queen	Latin	search_term	1550	312
king, queen	Latin	search_term	1560	404
king, queen	Latin	search_term	1570	400
king, queen	Latin	search_term	1580	423
king, queen	Latin	search_term	1590	338
king, queen	Latin	search_term	15u0	8
king, queen	Latin	search_term	1600	484
king, queen	Latin	search_term	1610	681
king, queen	Latin	search_term	1620	451
king, queen	Latin	search_term	1630	342
king, queen	Latin	search_term	1640	346
king, queen	Latin	search_term	1650	345
king, queen	Latin	search_term	1660	338
king, queen	Latin	search_term	1670	409
king, queen	Latin	search_term	1680	304
king, queen	Latin	search_term	1690	254
king, queen	Latin	search_term	16u0	14
king, queen	Latin	search_term	1700	243
king, queen	Latin	search_term	1710	219
king, queen	Latin	search_term	1720	241
king, queen	Latin	search_term	1730	214
king, queen	Latin	search_term	1740	212
king, queen	Latin	search_term	1750	152
king, queen	Latin	search_term	1760	141
king, queen	Latin	search_term	1770	141
king, queen	Latin	search_term	1780	187
king, queen	Latin	search_term	1790	130
king, queen	Latin	search_term	17u0	9
king, queen	Latin	search_term	1800	13
king, queen	Spanish	search_term	1500	19
king, queen	Spanish	search_term	1510	33
king, queen	Spanish	search_term	1520	46
king, queen	Spanish	search_term	1530	30
king, queen	Spanish	search_term	1540	83
king, queen	Spanish	search_term	1550	135
king, queen	Spanish	search_term	1560	87
king, queen	Spanish	search_term	1570	36
king, queen	Spanish	search_term	1580	92
king, queen	Spanish	search_term	1590	180
king, queen	Spanish	search_term	15u0	5
king, queen	Spanish	search_term	1600	191
king, queen	Spanish	search_term	1610	168
king, queen	Spanish	search_term	1620	283
king, queen	Spanish	search_term	1630	185
king, queen	Spanish	search_term	1640	204
king, queen	Spanish	search_term	1650	168
king, queen	Spanish	search_term	1660	156
king, queen	Spanish	search_term	1670	172
king, queen	Spanish	search_term	1680	168
king, queen	Spanish	search_term	1690	116
king, queen	Spanish	search_term	16u0	24
king, queen	Spanish	search_term	1700	275
king, queen	Spanish	search_term	1710	151
king, queen	Spanish	search_term	1720	206
king, queen	Spanish	search_term	1730	182
king, queen	Spanish	search_term	1740	254
king, queen	Spanish	search_term	1750	246
king, queen	Spanish	search_term	1760	364
king, queen	Spanish	search_term	1770	369
king, queen	Spanish	search_term	1780	547
king, queen	Spanish	search_term	1790	400
king, queen	Spanish	search_term	17u0	76
king, queen	Spanish	search_term	1800	40
law	Dutch	search_term	1500	1
law	Dutch	search_term	1520	5
law	Dutch	search_term	1550	11
law	Dutch	search_term	1570	7
law	Dutch	search_term	1580	20
law	Dutch	search_term	1590	19
law	Dutch	search_term	1600	20
law	Dutch	search_term	1610	31
law	Dutch	search_term	1620	10
law	Dutch	search_term	1630	23
law	Dutch	search_term	1640	34
law	Dutch	search_term	1650	59
law	Dutch	search_term	1660	29
law	Dutch	search_term	1670	27
law	Dutch	search_term	1680	16
law	Dutch	search_term	1690	13
law	Dutch	search_term	16u0	4
law	Dutch	search_term	1700	20
law	Dutch	search_term	1710	13
law	Dutch	search_term	1720	16
law	Dutch	search_term	1730	13
law	Dutch	search_term	1740	11
law	Dutch	search_term	1750	10
law	Dutch	search_term	1760	18
law	Dutch	search_term	1770	40
law	Dutch	search_term	1780	31
law	Dutch	search_term	1790	11
law	Dutch	search_term	1800	1
law	English	search_term	1500	4
law	English	search_term	1510	8
law	English	search_term	1520	10
law	English	search_term	1530	18
law	English	search_term	1540	13
law	English	search_term	1550	37
law	English	search_term	1560	15
law	English	search_term	1570	32
law	English	search_term	1580	33
law	English	search_term	1590	33
law	English	search_term	15u0	1
law	English	search_term	1600	181
law	English	search_term	1610	125
law	English	search_term	1620	335
law	English	search_term	1630	319
law	English	search_term	1640	1151
law	English	search_term	1650	1589
law	English	search_term	1660	1083
law	English	search_term	1670	849
law	English	search_term	1680	1373
law	English	search_term	1690	865
law	English	search_term	16u0	19
law	English	search_term	1700	1101
law	English	search_term	1710	1646
law	English	search_term	1720	1644
law	English	search_term	1730	1455
law	English	search_term	1740	1145
law	English	search_term	1750	1472
law	English	search_term	1760	1706
law	English	search_term	1770	1795
law	English	search_term	1780	2219
law	English	search_term	1790	4076
law	English	search_term	17u0	31
law	English	search_term	1800	473
law	French	search_term	1500	2
law	French	search_term	1530	1
law	French	search_term	1540	1
law	French	search_term	1550	4
law	French	search_term	1560	1
law	French	search_term	1570	7
law	French	search_term	1580	4
law	French	search_term	1590	3
law	French	search_term	1600	10
law	French	search_term	1610	7
law	French	search_term	1620	1
law	French	search_term	1630	3
law	French	search_term	1640	1
law	French	search_term	1650	6
law	French	search_term	1660	3
law	French	search_term	1670	5
law	French	search_term	1680	11
law	French	search_term	1690	14
law	French	search_term	1700	16
law	French	search_term	1710	23
law	French	search_term	1720	3
law	French	search_term	1730	16
law	French	search_term	1740	37
law	French	search_term	1750	82
law	French	search_term	1760	60
law	French	search_term	1770	107
law	French	search_term	1780	244
law	French	search_term	1790	13665
law	French	search_term	17u0	3
law	French	search_term	1800	478
law	Italian	search_term	1510	1
law	Italian	search_term	1520	1
law	Italian	search_term	1530	7
law	Italian	search_term	1540	40
law	Italian	search_term	1550	51
law	Italian	search_term	1560	83
law	Italian	search_term	1570	127
law	Italian	search_term	1580	34
law	Italian	search_term	1590	19
law	Italian	search_term	15u0	4
law	Italian	search_term	1600	16
law	Italian	search_term	1610	31
law	Italian	search_term	1620	61
law	Italian	search_term	1630	14
law	Italian	search_term	1640	11
law	Italian	search_term	1650	6
law	Italian	search_term	1660	14
law	Italian	search_term	1670	15
law	Italian	search_term	1680	32
law	Italian	search_term	1690	18
law	Italian	search_term	16u0	4
law	Italian	search_term	1700	15
law	Italian	search_term	1710	8
law	Italian	search_term	1720	27
law	Italian	search_term	1730	8
law	Italian	search_term	1740	22
law	Italian	search_term	1750	21
law	Italian	search_term	1760	58
law	Italian	search_term	1770	41
law	Italian	search_term	1780	55
law	Italian	search_term	1790	61
law	Italian	search_term	17u0	2
law	Italian	search_term	1800	6
law	Latin	search_term	1500	19
law	Latin	search_term	1510	32
law	Latin	search_term	1520	32
law	Latin	search_term	1530	73
law	Latin	search_term	1540	62
law	Latin	search_term	1550	80
law	Latin	search_term	1560	56
law	Latin	search_term	1570	105
law	Latin	search_term	1580	82
law	Latin	search_term	1590	94
law	Latin	search_term	1600	125
law	Latin	search_term	1610	158
law	Latin	search_term	1620	50
law	Latin	search_term	1630	146
law	Latin	search_term	1640	76
law	Latin	search_term	1650	78
law	Latin	search_term	1660	90
law	Latin	search_term	1670	82
law	Latin	search_term	1680	42
law	Latin	search_term	1690	61
law	Latin	search_term	1700	52
law	Latin	search_term	1710	46
law	Latin	search_term	1720	69
law	Latin	search_term	1730	82
law	Latin	search_term	1740	70
law	Latin	search_term	1750	74
law	Latin	search_term	1760	44
law	Latin	search_term	1770	58
law	Latin	search_term	1780	69
law	Latin	search_term	1790	23
law	Latin	search_term	17u0	2
law	Spanish	search_term	1500	17
law	Spanish	search_term	1510	6
law	Spanish	search_term	1520	17
law	Spanish	search_term	1530	14
law	Spanish	search_term	1540	62
law	Spanish	search_term	1550	50
law	Spanish	search_term	1560	26
law	Spanish	search_term	1570	21
law	Spanish	search_term	1580	40
law	Spanish	search_term	1590	92
law	Spanish	search_term	15u0	1
law	Spanish	search_term	1600	54
law	Spanish	search_term	1610	57
law	Spanish	search_term	1620	73
law	Spanish	search_term	1630	67
law	Spanish	search_term	1640	77
law	Spanish	search_term	1650	65
law	Spanish	search_term	1660	48
law	Spanish	search_term	1670	50
law	Spanish	search_term	1680	57
law	Spanish	search_term	1690	68
law	Spanish	search_term	16u0	12
law	Spanish	search_term	1700	68
law	Spanish	search_term	1710	70
law	Spanish	search_term	1720	93
law	Spanish	search_term	1730	106
law	Spanish	search_term	1740	122
law	Spanish	search_term	1750	147
law	Spanish	search_term	1760	146
law	Spanish	search_term	1770	239
law	Spanish	search_term	1780	248
law	Spanish	search_term	1790	165
law	Spanish	search_term	17u0	34
law	Spanish	search_term	1800	21
monarchy	Dutch	search_term	1580	7
monarchy	Dutch	search_term	1590	1
monarchy	Dutch	search_term	1610	1
monarchy	Dutch	search_term	1620	1
monarchy	Dutch	search_term	1640	1
monarchy	Dutch	search_term	1650	2
monarchy	Dutch	search_term	1660	3
monarchy	Dutch	search_term	1670	6
monarchy	Dutch	search_term	1680	1
monarchy	Dutch	search_term	1690	5
monarchy	Dutch	search_term	16u0	2
monarchy	Dutch	search_term	1700	9
monarchy	Dutch	search_term	1710	2
monarchy	Dutch	search_term	1720	2
monarchy	Dutch	search_term	1740	14
monarchy	Dutch	search_term	1760	2
monarchy	Dutch	search_term	1770	1
monarchy	Dutch	search_term	1780	1
monarchy	Dutch	search_term	1790	1
monarchy	English	search_term	1580	1
monarchy	English	search_term	1590	3
monarchy	English	search_term	1600	24
monarchy	English	search_term	1610	14
monarchy	English	search_term	1620	76
monarchy	English	search_term	1630	62
monarchy	English	search_term	1640	298
monarchy	English	search_term	1650	600
monarchy	English	search_term	1660	350
monarchy	English	search_term	1670	87
monarchy	English	search_term	1680	512
monarchy	English	search_term	1690	148
monarchy	English	search_term	16u0	1
monarchy	English	search_term	1700	283
monarchy	English	search_term	1710	398
monarchy	English	search_term	1720	110
monarchy	English	search_term	1730	49
monarchy	English	search_term	1740	128
monarchy	English	search_term	1750	80
monarchy	English	search_term	1760	60
monarchy	English	search_term	1770	75
monarchy	English	search_term	1780	36
monarchy	English	search_term	1790	155
monarchy	English	search_term	17u0	2
monarchy	English	search_term	1800	12
monarchy	French	search_term	1500	4
monarchy	French	search_term	1510	4
monarchy	French	search_term	1540	6
monarchy	French	search_term	1550	14
monarchy	French	search_term	1560	13
monarchy	French	search_term	1570	5
monarchy	French	search_term	1580	3
monarchy	French	search_term	1590	4
monarchy	French	search_term	1600	2
monarchy	French	search_term	1610	44
monarchy	French	search_term	1620	21
monarchy	French	search_term	1630	16
monarchy	French	search_term	1640	8
monarchy	French	search_term	1650	25
monarchy	French	search_term	1660	43
monarchy	French	search_term	1670	9
monarchy	French	search_term	1680	20
monarchy	French	search_term	1690	41
monarchy	French	search_term	1700	25
monarchy	French	search_term	1710	47
monarchy	French	search_term	1720	115
monarchy	French	search_term	1730	78
monarchy	French	search_term	1740	43
monarchy	French	search_term	1750	56
monarchy	French	search_term	1760	53
monarchy	French	search_term	1770	112
monarchy	French	search_term	1780	269
monarchy	French	search_term	1790	292
monarchy	French	search_term	17u0	3
monarchy	French	search_term	1800	7
monarchy	German	search_term	1600	1
monarchy	German	search_term	1610	1
monarchy	German	search_term	1660	1
monarchy	German	search_term	1670	11
monarchy	German	search_term	1680	2
monarchy	German	search_term	1690	9
monarchy	German	search_term	1700	31
monarchy	German	search_term	1710	14
monarchy	German	search_term	1720	16
monarchy	German	search_term	1730	6
monarchy	German	search_term	1740	6
monarchy	German	search_term	1750	1
monarchy	German	search_term	1760	8
monarchy	German	search_term	1770	10
monarchy	German	search_term	1780	13
monarchy	German	search_term	1790	39
monarchy	German	search_term	1800	4
monarchy	Italian	search_term	1630	1
monarchy	Italian	search_term	1640	2
monarchy	Italian	search_term	1650	5
monarchy	Italian	search_term	1670	17
monarchy	Italian	search_term	1680	2
monarchy	Italian	search_term	1690	7
monarchy	Italian	search_term	1700	17
monarchy	Italian	search_term	1710	3
monarchy	Italian	search_term	1720	1
monarchy	Italian	search_term	1730	1
monarchy	Italian	search_term	1740	10
monarchy	Italian	search_term	1750	2
monarchy	Italian	search_term	1770	4
monarchy	Italian	search_term	1780	4
monarchy	Italian	search_term	1790	2
monarchy	Latin	search_term	1510	6
monarchy	Latin	search_term	1520	1
monarchy	Latin	search_term	1530	13
monarchy	Latin	search_term	1550	3
monarchy	Latin	search_term	1560	8
monarchy	Latin	search_term	1570	39
monarchy	Latin	search_term	1580	7
monarchy	Latin	search_term	1590	10
monarchy	Latin	search_term	1600	10
monarchy	Latin	search_term	1610	45
monarchy	Latin	search_term	1620	13
monarchy	Latin	search_term	1630	9
monarchy	Latin	search_term	1640	45
monarchy	Latin	search_term	1650	44
monarchy	Latin	search_term	1660	8
monarchy	Latin	search_term	1670	27
monarchy	Latin	search_term	1680	52
monarchy	Latin	search_term	1690	5
monarchy	Latin	search_term	1700	13
monarchy	Latin	search_term	1710	2
monarchy	Latin	search_term	1720	7
monarchy	Latin	search_term	1740	13
monarchy	Latin	search_term	1750	5
monarchy	Latin	search_term	1770	1
monarchy	Latin	search_term	1790	1
monarchy	Spanish	search_term	1580	1
monarchy	Spanish	search_term	1590	1
monarchy	Spanish	search_term	1600	4
monarchy	Spanish	search_term	1610	6
monarchy	Spanish	search_term	1620	8
monarchy	Spanish	search_term	1630	11
monarchy	Spanish	search_term	1640	8
monarchy	Spanish	search_term	1650	10
monarchy	Spanish	search_term	1660	14
monarchy	Spanish	search_term	1670	13
monarchy	Spanish	search_term	1680	9
monarchy	Spanish	search_term	1690	4
monarchy	Spanish	search_term	16u0	2
monarchy	Spanish	search_term	1700	28
monarchy	Spanish	search_term	1710	9
monarchy	Spanish	search_term	1720	11
monarchy	Spanish	search_term	1730	8
monarchy	Spanish	search_term	1740	18
monarchy	Spanish	search_term	1750	17
monarchy	Spanish	search_term	1760	8
monarchy	Spanish	search_term	1770	26
monarchy	Spanish	search_term	1780	46
monarchy	Spanish	search_term	1790	46
monarchy	Spanish	search_term	17u0	3
monarchy	Spanish	search_term	1800	1
nation, people	Dutch	search_term	1580	7
nation, people	Dutch	search_term	1600	4
nation, people	Dutch	search_term	1610	3
nation, people	Dutch	search_term	1620	3
nation, people	Dutch	search_term	1630	1
nation, people	Dutch	search_term	1640	6
nation, people	Dutch	search_term	1650	15
nation, people	Dutch	search_term	1660	5
nation, people	Dutch	search_term	1670	24
nation, people	Dutch	search_term	1680	11
nation, people	Dutch	search_term	1690	9
nation, people	Dutch	search_term	1700	16
nation, people	Dutch	search_term	1710	21
nation, people	Dutch	search_term	1720	14
nation, people	Dutch	search_term	1730	6
nation, people	Dutch	search_term	1740	32
nation, people	Dutch	search_term	1750	19
nation, people	Dutch	search_term	1760	14
nation, people	Dutch	search_term	1770	25
nation, people	Dutch	search_term	1780	67
nation, people	Dutch	search_term	1790	273
nation, people	Dutch	search_term	17u0	7
nation, people	Dutch	search_term	1800	3
nation, people	English	search_term	1500	17
nation, people	English	search_term	1510	37
nation, people	English	search_term	1520	98
nation, people	English	search_term	1530	92
nation, people	English	search_term	1540	235
nation, people	English	search_term	1550	76
nation, people	English	search_term	1560	116
nation, people	English	search_term	1570	123
nation, people	English	search_term	1580	359
nation, people	English	search_term	1590	223
nation, people	English	search_term	15u0	11
nation, people	English	search_term	1600	270
nation, people	English	search_term	1610	230
nation, people	English	search_term	1620	217
nation, people	English	search_term	1630	279
nation, people	English	search_term	1640	3153
nation, people	English	search_term	1650	4039
nation, people	English	search_term	1660	2707
nation, people	English	search_term	1670	1564
nation, people	English	search_term	1680	2026
nation, people	English	search_term	1690	2673
nation, people	English	search_term	16u0	17
nation, people	English	search_term	1700	2404
nation, people	English	search_term	1710	2446
nation, people	English	search_term	1720	2467
nation, people	English	search_term	1730	2583
nation, people	English	search_term	1740	3508
nation, people	English	search_term	1750	4060
nation, people	English	search_term	1760	2717
nation, people	English	search_term	1770	3522
nation, people	English	search_term	1780	3975
nation, people	English	search_term	1790	9345
nation, people	English	search_term	17u0	40
nation, people	English	search_term	1800	885
nation, people	French	search_term	1500	18
nation, people	French	search_term	1510	3
nation, people	French	search_term	1520	14
nation, people	French	search_term	1530	13
nation, people	French	search_term	1540	24
nation, people	French	search_term	1550	37
nation, people	French	search_term	1560	100
nation, people	French	search_term	1570	52
nation, people	French	search_term	1580	72
nation, people	French	search_term	1590	30
nation, people	French	search_term	15u0	2
nation, people	French	search_term	1600	29
nation, people	French	search_term	1610	81
nation, people	French	search_term	1620	71
nation, people	French	search_term	1630	38
nation, people	French	search_term	1640	113
nation, people	French	search_term	1650	67
nation, people	French	search_term	1660	43
nation, people	French	search_term	1670	63
nation, people	French	search_term	1680	106
nation, people	French	search_term	1690	66
nation, people	French	search_term	16u0	3
nation, people	French	search_term	1700	133
nation, people	French	search_term	1710	141
nation, people	French	search_term	1720	180
nation, people	French	search_term	1730	181
nation, people	French	search_term	1740	163
nation, people	French	search_term	1750	472
nation, people	French	search_term	1760	497
nation, people	French	search_term	1770	612
nation, people	French	search_term	1780	3209
nation, people	French	search_term	1790	9322
nation, people	French	search_term	17u0	9
nation, people	French	search_term	1800	70
nation, people	German	search_term	1500	1
nation, people	German	search_term	1580	1
nation, people	German	search_term	1590	1
nation, people	German	search_term	15u0	1
nation, people	German	search_term	1620	1
nation, people	German	search_term	1630	1
nation, people	German	search_term	1670	3
nation, people	German	search_term	1680	1
nation, people	German	search_term	1690	1
nation, people	German	search_term	1700	1
nation, people	German	search_term	1720	2
nation, people	German	search_term	1740	2
nation, people	German	search_term	1750	3
nation, people	German	search_term	1760	3
nation, people	German	search_term	1770	23
nation, people	German	search_term	1780	41
nation, people	German	search_term	1790	58
nation, people	German	search_term	1800	3
nation, people	Italian	search_term	1540	4
nation, people	Italian	search_term	1550	2
nation, people	Italian	search_term	1560	5
nation, people	Italian	search_term	1570	11
nation, people	Italian	search_term	1580	15
nation, people	Italian	search_term	1590	8
nation, people	Italian	search_term	15u0	1
nation, people	Italian	search_term	1600	8
nation, people	Italian	search_term	1610	12
nation, people	Italian	search_term	1620	11
nation, people	Italian	search_term	1630	9
nation, people	Italian	search_term	1640	23
nation, people	Italian	search_term	1650	6
nation, people	Italian	search_term	1660	5
nation, people	Italian	search_term	1670	28
nation, people	Italian	search_term	1680	11
nation, people	Italian	search_term	1690	8
nation, people	Italian	search_term	16u0	1
nation, people	Italian	search_term	1700	17
nation, people	Italian	search_term	1710	11
nation, people	Italian	search_term	1720	12
nation, people	Italian	search_term	1730	12
nation, people	Italian	search_term	1740	7
nation, people	Italian	search_term	1750	20
nation, people	Italian	search_term	1760	44
nation, people	Italian	search_term	1770	45
nation, people	Italian	search_term	1780	70
nation, people	Italian	search_term	1790	164
nation, people	Italian	search_term	17u0	4
nation, people	Italian	search_term	1800	27
nation, people	Latin	search_term	1520	1
nation, people	Latin	search_term	1550	5
nation, people	Latin	search_term	1560	5
nation, people	Latin	search_term	1570	1
nation, people	Latin	search_term	1580	2
nation, people	Latin	search_term	1600	1
nation, people	Latin	search_term	1610	2
nation, people	Latin	search_term	1650	3
nation, people	Latin	search_term	1660	4
nation, people	Latin	search_term	1680	1
nation, people	Latin	search_term	1700	1
nation, people	Latin	search_term	1710	6
nation, people	Latin	search_term	1740	1
nation, people	Latin	search_term	1750	2
nation, people	Latin	search_term	1770	3
nation, people	Latin	search_term	1790	1
nation, people	Spanish	search_term	1500	2
nation, people	Spanish	search_term	1510	2
nation, people	Spanish	search_term	1520	1
nation, people	Spanish	search_term	1530	5
nation, people	Spanish	search_term	1540	7
nation, people	Spanish	search_term	1550	23
nation, people	Spanish	search_term	1560	9
nation, people	Spanish	search_term	1570	15
nation, people	Spanish	search_term	1580	15
nation, people	Spanish	search_term	1590	39
nation, people	Spanish	search_term	15u0	1
nation, people	Spanish	search_term	1600	39
nation, people	Spanish	search_term	1610	25
nation, people	Spanish	search_term	1620	45
nation, people	Spanish	search_term	1630	24
nation, people	Spanish	search_term	1640	41
nation, people	Spanish	search_term	1650	31
nation, people	Spanish	search_term	1660	24
nation, people	Spanish	search_term	1670	26
nation, people	Spanish	search_term	1680	50
nation, people	Spanish	search_term	1690	19
nation, people	Spanish	search_term	1700	37
nation, people	Spanish	search_term	1710	34
nation, people	Spanish	search_term	1720	47
nation, people	Spanish	search_term	1730	35
nation, people	Spanish	search_term	1740	53
nation, people	Spanish	search_term	1750	74
nation, people	Spanish	search_term	1760	84
nation, people	Spanish	search_term	1770	151
nation, people	Spanish	search_term	1780	191
nation, people	Spanish	search_term	1790	180
nation, people	Spanish	search_term	17u0	24
nation, people	Spanish	search_term	1800	21
philosophy	English	search_term	1510	1
philosophy	English	search_term	1550	9
philosophy	English	search_term	1560	11
philosophy	English	search_term	1570	32
philosophy	English	search_term	1580	5
philosophy	English	search_term	1590	9
philosophy	English	search_term	1600	2
philosophy	English	search_term	1610	14
philosophy	English	search_term	1620	25
philosophy	English	search_term	1630	78
philosophy	English	search_term	1640	23
philosophy	English	search_term	1650	251
philosophy	English	search_term	1660	330
philosophy	English	search_term	1670	193
philosophy	English	search_term	1680	208
philosophy	English	search_term	1690	317
philosophy	English	search_term	1700	315
philosophy	English	search_term	1710	252
philosophy	English	search_term	1720	424
philosophy	English	search_term	1730	596
philosophy	English	search_term	1740	656
philosophy	English	search_term	1750	722
philosophy	English	search_term	1760	520
philosophy	English	search_term	1770	540
philosophy	English	search_term	1780	791
philosophy	English	search_term	1790	1473
philosophy	English	search_term	17u0	14
philosophy	English	search_term	1800	157
philosophy	French	search_term	1500	2
philosophy	French	search_term	1510	6
philosophy	French	search_term	1520	6
philosophy	French	search_term	1530	2
philosophy	French	search_term	1550	33
philosophy	French	search_term	1560	14
philosophy	French	search_term	1570	33
philosophy	French	search_term	1580	36
philosophy	French	search_term	1590	28
philosophy	French	search_term	1600	34
philosophy	French	search_term	1610	59
philosophy	French	search_term	1620	87
philosophy	French	search_term	1630	71
philosophy	French	search_term	1640	75
philosophy	French	search_term	1650	103
philosophy	French	search_term	1660	101
philosophy	French	search_term	1670	125
philosophy	French	search_term	1680	123
philosophy	French	search_term	1690	102
philosophy	French	search_term	16u0	4
philosophy	French	search_term	1700	43
philosophy	French	search_term	1710	39
philosophy	French	search_term	1720	109
philosophy	French	search_term	1730	111
philosophy	French	search_term	1740	180
philosophy	French	search_term	1750	190
philosophy	French	search_term	1760	247
philosophy	French	search_term	1770	327
philosophy	French	search_term	1780	248
philosophy	French	search_term	1790	249
philosophy	French	search_term	17u0	8
philosophy	French	search_term	1800	58
philosophy	German	search_term	1500	2
philosophy	German	search_term	1610	2
philosophy	German	search_term	1650	5
philosophy	German	search_term	1660	5
philosophy	German	search_term	1670	3
philosophy	German	search_term	1680	9
philosophy	German	search_term	1690	3
philosophy	German	search_term	1700	8
philosophy	German	search_term	1710	16
philosophy	German	search_term	1720	38
philosophy	German	search_term	1730	68
philosophy	German	search_term	1740	11
philosophy	German	search_term	1750	18
philosophy	German	search_term	1760	32
philosophy	German	search_term	1770	116
philosophy	German	search_term	1780	209
philosophy	German	search_term	1790	465
philosophy	German	search_term	17u0	1
philosophy	German	search_term	1800	49
philosophy	Italian	search_term	1520	1
philosophy	Italian	search_term	1540	1
philosophy	Italian	search_term	1550	61
philosophy	Italian	search_term	1560	49
philosophy	Italian	search_term	1570	25
philosophy	Italian	search_term	1580	30
philosophy	Italian	search_term	1590	5
philosophy	Italian	search_term	1600	13
philosophy	Italian	search_term	1610	9
philosophy	Italian	search_term	1620	18
philosophy	Italian	search_term	1630	3
philosophy	Italian	search_term	1640	1
philosophy	Italian	search_term	1650	2
philosophy	Italian	search_term	1660	4
philosophy	Italian	search_term	1670	15
philosophy	Italian	search_term	1680	10
philosophy	Italian	search_term	1690	15
philosophy	Italian	search_term	16u0	1
philosophy	Italian	search_term	1700	5
philosophy	Italian	search_term	1710	5
philosophy	Italian	search_term	1720	7
philosophy	Italian	search_term	1730	31
philosophy	Italian	search_term	1740	18
philosophy	Italian	search_term	1750	29
philosophy	Italian	search_term	1760	31
philosophy	Italian	search_term	1770	47
philosophy	Italian	search_term	1780	44
philosophy	Italian	search_term	1790	42
philosophy	Italian	search_term	1800	6
philosophy	Spanish	search_term	1500	1
philosophy	Spanish	search_term	1580	13
philosophy	Spanish	search_term	1600	3
philosophy	Spanish	search_term	1610	15
philosophy	Spanish	search_term	1620	2
philosophy	Spanish	search_term	1630	8
philosophy	Spanish	search_term	1640	16
philosophy	Spanish	search_term	1660	1
philosophy	Spanish	search_term	1670	14
philosophy	Spanish	search_term	1680	2
philosophy	Spanish	search_term	1690	14
philosophy	Spanish	search_term	16u0	1
philosophy	Spanish	search_term	1700	1
philosophy	Spanish	search_term	1710	2
philosophy	Spanish	search_term	1720	9
philosophy	Spanish	search_term	1730	4
philosophy	Spanish	search_term	1750	1
philosophy	Spanish	search_term	1760	2
philosophy	Spanish	search_term	1770	45
philosophy	Spanish	search_term	1780	11
philosophy	Spanish	search_term	1790	11
philosophy	Spanish	search_term	1800	1
republic	Dutch	search_term	1690	1
republic	Dutch	search_term	1720	1
republic	Dutch	search_term	1730	3
republic	Dutch	search_term	1740	18
republic	Dutch	search_term	1770	3
republic	Dutch	search_term	1780	34
republic	Dutch	search_term	1790	188
republic	Dutch	search_term	1800	60
republic	English	search_term	1500	1
republic	English	search_term	1540	1
republic	English	search_term	1560	5
republic	English	search_term	1570	1
republic	English	search_term	1580	22
republic	English	search_term	1590	46
republic	English	search_term	15u0	1
republic	English	search_term	1600	109
republic	English	search_term	1610	82
republic	English	search_term	1620	85
republic	English	search_term	1630	98
republic	English	search_term	1640	789
republic	English	search_term	1650	3504
republic	English	search_term	1660	283
republic	English	search_term	1670	38
republic	English	search_term	1680	112
republic	English	search_term	1690	50
republic	English	search_term	16u0	3
republic	English	search_term	1700	40
republic	English	search_term	1710	31
republic	English	search_term	1720	102
republic	English	search_term	1730	93
republic	English	search_term	1740	97
republic	English	search_term	1750	81
republic	English	search_term	1760	122
republic	English	search_term	1770	399
republic	English	search_term	1780	2401
republic	English	search_term	1790	3080
republic	English	search_term	17u0	7
republic	English	search_term	1800	290
republic	French	search_term	1500	1
republic	French	search_term	1530	1
republic	French	search_term	1540	2
republic	French	search_term	1550	18
republic	French	search_term	1560	31
republic	French	search_term	1570	31
republic	French	search_term	1580	28
republic	French	search_term	1590	25
republic	French	search_term	15u0	1
republic	French	search_term	1600	14
republic	French	search_term	1610	8
republic	French	search_term	1620	17
republic	French	search_term	1630	12
republic	French	search_term	1640	9
republic	French	search_term	1650	21
republic	French	search_term	1660	10
republic	French	search_term	1670	11
republic	French	search_term	1680	69
republic	French	search_term	1690	22
republic	French	search_term	1700	28
republic	French	search_term	1710	30
republic	French	search_term	1720	35
republic	French	search_term	1730	43
republic	French	search_term	1740	23
republic	French	search_term	1750	33
republic	French	search_term	1760	29
republic	French	search_term	1770	39
republic	French	search_term	1780	29
republic	French	search_term	1790	553
republic	French	search_term	17u0	3
republic	French	search_term	1800	16
republic	German	search_term	1610	1
republic	German	search_term	1660	1
republic	German	search_term	1740	2
republic	German	search_term	1750	8
republic	German	search_term	1760	6
republic	German	search_term	1770	34
republic	German	search_term	1780	44
republic	German	search_term	1790	193
republic	German	search_term	1800	14
republic	Italian	search_term	1550	1
republic	Italian	search_term	1600	1
republic	Italian	search_term	1620	1
republic	Italian	search_term	1650	1
republic	Italian	search_term	1660	1
republic	Italian	search_term	1680	3
republic	Italian	search_term	1690	1
republic	Italian	search_term	16u0	2
republic	Italian	search_term	1700	12
republic	Italian	search_term	1710	12
republic	Italian	search_term	1720	30
republic	Italian	search_term	1730	14
republic	Italian	search_term	1740	20
republic	Italian	search_term	1750	46
republic	Italian	search_term	1760	61
republic	Italian	search_term	1770	16
republic	Italian	search_term	1780	45
republic	Italian	search_term	1790	252
republic	Italian	search_term	17u0	1
republic	Italian	search_term	1800	17
republic	Latin	search_term	1500	18
republic	Latin	search_term	1510	28
republic	Latin	search_term	1520	37
republic	Latin	search_term	1530	20
republic	Latin	search_term	1540	62
republic	Latin	search_term	1550	184
republic	Latin	search_term	1560	81
republic	Latin	search_term	1570	115
republic	Latin	search_term	1580	99
republic	Latin	search_term	1590	107
republic	Latin	search_term	15u0	2
republic	Latin	search_term	1600	164
republic	Latin	search_term	1610	202
republic	Latin	search_term	1620	236
republic	Latin	search_term	1630	305
republic	Latin	search_term	1640	201
republic	Latin	search_term	1650	137
republic	Latin	search_term	1660	143
republic	Latin	search_term	1670	162
republic	Latin	search_term	1680	105
republic	Latin	search_term	1690	68
republic	Latin	search_term	16u0	4
republic	Latin	search_term	1700	118
republic	Latin	search_term	1710	86
republic	Latin	search_term	1720	87
republic	Latin	search_term	1730	94
republic	Latin	search_term	1740	101
republic	Latin	search_term	1750	90
republic	Latin	search_term	1760	58
republic	Latin	search_term	1770	48
republic	Latin	search_term	1780	53
republic	Latin	search_term	1790	78
republic	Latin	search_term	17u0	4
republic	Latin	search_term	1800	7
republic	Spanish	search_term	1520	1
republic	Spanish	search_term	1540	1
republic	Spanish	search_term	1550	16
republic	Spanish	search_term	1570	3
republic	Spanish	search_term	1580	3
republic	Spanish	search_term	1590	9
republic	Spanish	search_term	15u0	1
republic	Spanish	search_term	1600	12
republic	Spanish	search_term	1610	13
republic	Spanish	search_term	1620	7
republic	Spanish	search_term	1630	1
republic	Spanish	search_term	1640	2
republic	Spanish	search_term	1650	3
republic	Spanish	search_term	1660	2
republic	Spanish	search_term	1670	12
republic	Spanish	search_term	1680	1
republic	Spanish	search_term	1690	2
republic	Spanish	search_term	16u0	1
republic	Spanish	search_term	1720	2
republic	Spanish	search_term	1730	6
republic	Spanish	search_term	1740	8
republic	Spanish	search_term	1750	12
republic	Spanish	search_term	1760	14
republic	Spanish	search_term	1770	9
republic	Spanish	search_term	1780	2
republic	Spanish	search_term	1790	5
republic	Spanish	search_term	17u0	1
revolution	Dutch	search_term	1690	1
revolution	Dutch	search_term	1780	1
revolution	Dutch	search_term	1790	11
revolution	English	search_term	1540	3
revolution	English	search_term	1550	2
revolution	English	search_term	1580	1
revolution	English	search_term	1640	25
revolution	English	search_term	1650	37
revolution	English	search_term	1660	3
revolution	English	search_term	1670	52
revolution	English	search_term	1680	177
revolution	English	search_term	1690	287
revolution	English	search_term	1700	282
revolution	English	search_term	1710	535
revolution	English	search_term	1720	246
revolution	English	search_term	1730	136
revolution	English	search_term	1740	314
revolution	English	search_term	1750	168
revolution	English	search_term	1760	223
revolution	English	search_term	1770	353
revolution	English	search_term	1780	978
revolution	English	search_term	1790	3252
revolution	English	search_term	17u0	8
revolution	English	search_term	1800	190
revolution	French	search_term	1500	1
revolution	French	search_term	1560	1
revolution	French	search_term	1610	1
revolution	French	search_term	1640	2
revolution	French	search_term	1650	3
revolution	French	search_term	1670	4
revolution	French	search_term	1680	3
revolution	French	search_term	1690	32
revolution	French	search_term	1700	6
revolution	French	search_term	1710	10
revolution	French	search_term	1720	6
revolution	French	search_term	1740	1
revolution	French	search_term	1750	10
revolution	French	search_term	1760	4
revolution	French	search_term	1770	13
revolution	French	search_term	1780	86
revolution	French	search_term	1790	328
revolution	French	search_term	1800	9
revolution	German	search_term	1650	1
revolution	German	search_term	1690	3
revolution	German	search_term	1700	1
revolution	German	search_term	1770	7
revolution	German	search_term	1780	57
revolution	German	search_term	1790	235
revolution	German	search_term	1800	7
revolution	Italian	search_term	1690	2
revolution	Italian	search_term	1750	7
revolution	Italian	search_term	1760	4
revolution	Italian	search_term	1770	1
revolution	Italian	search_term	1780	9
revolution	Italian	search_term	1790	52
revolution	Italian	search_term	17u0	1
revolution	Italian	search_term	1800	20
revolution	Spanish	search_term	1620	1
revolution	Spanish	search_term	1680	3
revolution	Spanish	search_term	1720	1
revolution	Spanish	search_term	1730	2
revolution	Spanish	search_term	1740	2
revolution	Spanish	search_term	1750	1
revolution	Spanish	search_term	1760	1
revolution	Spanish	search_term	1780	3
revolution	Spanish	search_term	1790	3
revolution	Spanish	search_term	1800	8
right	Dutch	search_term	1500	5
right	Dutch	search_term	1510	2
right	Dutch	search_term	1520	9
right	Dutch	search_term	1540	2
right	Dutch	search_term	1550	14
right	Dutch	search_term	1560	4
right	Dutch	search_term	1570	14
right	Dutch	search_term	1580	29
right	Dutch	search_term	1590	25
right	Dutch	search_term	15u0	3
right	Dutch	search_term	1600	22
right	Dutch	search_term	1610	41
right	Dutch	search_term	1620	16
right	Dutch	search_term	1630	33
right	Dutch	search_term	1640	61
right	Dutch	search_term	1650	94
right	Dutch	search_term	1660	49
right	Dutch	search_term	1670	40
right	Dutch	search_term	1680	24
right	Dutch	search_term	1690	32
right	Dutch	search_term	16u0	6
right	Dutch	search_term	1700	25
right	Dutch	search_term	1710	13
right	Dutch	search_term	1720	30
right	Dutch	search_term	1730	19
right	Dutch	search_term	1740	24
right	Dutch	search_term	1750	22
right	Dutch	search_term	1760	27
right	Dutch	search_term	1770	50
right	Dutch	search_term	1780	42
right	Dutch	search_term	1790	52
right	Dutch	search_term	1800	2
right	English	search_term	1500	15
right	English	search_term	1510	9
right	English	search_term	1520	33
right	English	search_term	1530	15
right	English	search_term	1540	105
right	English	search_term	1550	149
right	English	search_term	1560	87
right	English	search_term	1570	382
right	English	search_term	1580	674
right	English	search_term	1590	512
right	English	search_term	15u0	5
right	English	search_term	1600	607
right	English	search_term	1610	637
right	English	search_term	1620	638
right	English	search_term	1630	697
right	English	search_term	1640	5812
right	English	search_term	1650	2146
right	English	search_term	1660	1591
right	English	search_term	1670	1549
right	English	search_term	1680	3410
right	English	search_term	1690	2395
right	English	search_term	16u0	27
right	English	search_term	1700	4099
right	English	search_term	1710	3994
right	English	search_term	1720	2540
right	English	search_term	1730	3027
right	English	search_term	1740	4193
right	English	search_term	1750	3255
right	English	search_term	1760	7010
right	English	search_term	1770	4637
right	English	search_term	1780	4688
right	English	search_term	1790	10280
right	English	search_term	17u0	42
right	English	search_term	1800	700
right	French	search_term	1500	8
right	French	search_term	1510	4
right	French	search_term	1520	4
right	French	search_term	1540	3
right	French	search_term	1550	5
right	French	search_term	1560	10
right	French	search_term	1570	18
right	French	search_term	1580	16
right	French	search_term	1590	7
right	French	search_term	1600	39
right	French	search_term	1610	48
right	French	search_term	1620	11
right	French	search_term	1630	10
right	French	search_term	1640	43
right	French	search_term	1650	28
right	French	search_term	1660	55
right	French	search_term	1670	85
right	French	search_term	1680	157
right	French	search_term	1690	115
right	French	search_term	16u0	6
right	French	search_term	1700	224
right	French	search_term	1710	226
right	French	search_term	1720	416
right	French	search_term	1730	662
right	French	search_term	1740	420
right	French	search_term	1750	852
right	French	search_term	1760	575
right	French	search_term	1770	920
right	French	search_term	1780	1092
right	French	search_term	1790	1096
right	French	search_term	17u0	16
right	French	search_term	1800	25
right	German	search_term	1500	18
right	German	search_term	1510	19
right	German	search_term	1520	527
right	German	search_term	1530	213
right	German	search_term	1540	128
right	German	search_term	1550	173
right	German	search_term	1560	134
right	German	search_term	1570	144
right	German	search_term	1580	104
right	German	search_term	1590	124
right	German	search_term	15u0	6
right	German	search_term	1600	85
right	German	search_term	1610	130
right	German	search_term	1620	64
right	German	search_term	1630	52
right	German	search_term	1640	78
right	German	search_term	1650	75
right	German	search_term	1660	81
right	German	search_term	1670	75
right	German	search_term	1680	93
right	German	search_term	1690	135
right	German	search_term	16u0	2
right	German	search_term	1700	186
right	German	search_term	1710	172
right	German	search_term	1720	186
right	German	search_term	1730	222
right	German	search_term	1740	158
right	German	search_term	1750	213
right	German	search_term	1760	153
right	German	search_term	1770	250
right	German	search_term	1780	332
right	German	search_term	1790	373
right	German	search_term	17u0	8
right	German	search_term	1800	37
right	Italian	search_term	1510	1
right	Italian	search_term	1560	1
right	Italian	search_term	1570	13
right	Italian	search_term	1590	15
right	Italian	search_term	1600	1
right	Italian	search_term	1610	2
right	Italian	search_term	1620	2
right	Italian	search_term	1630	1
right	Italian	search_term	1650	2
right	Italian	search_term	1660	6
right	Italian	search_term	1670	5
right	Italian	search_term	1680	1
right	Italian	search_term	1690	5
right	Italian	search_term	1700	2
right	Italian	search_term	1710	9
right	Italian	search_term	1720	8
right	Italian	search_term	1730	1
right	Italian	search_term	1740	9
right	Italian	search_term	1750	8
right	Italian	search_term	1760	32
right	Italian	search_term	1770	26
right	Italian	search_term	1780	41
right	Italian	search_term	1790	69
right	Italian	search_term	17u0	4
right	Italian	search_term	1800	5
right	Latin	search_term	1500	159
right	Latin	search_term	1510	255
right	Latin	search_term	1520	193
right	Latin	search_term	1530	301
right	Latin	search_term	1540	311
right	Latin	search_term	1550	486
right	Latin	search_term	1560	542
right	Latin	search_term	1570	579
right	Latin	search_term	1580	808
right	Latin	search_term	1590	589
right	Latin	search_term	15u0	11
right	Latin	search_term	1600	601
right	Latin	search_term	1610	577
right	Latin	search_term	1620	365
right	Latin	search_term	1630	271
right	Latin	search_term	1640	317
right	Latin	search_term	1650	335
right	Latin	search_term	1660	312
right	Latin	search_term	1670	186
right	Latin	search_term	1680	108
right	Latin	search_term	1690	91
right	Latin	search_term	16u0	8
right	Latin	search_term	1700	80
right	Latin	search_term	1710	134
right	Latin	search_term	1720	271
right	Latin	search_term	1730	380
right	Latin	search_term	1740	425
right	Latin	search_term	1750	330
right	Latin	search_term	1760	203
right	Latin	search_term	1770	216
right	Latin	search_term	1780	165
right	Latin	search_term	1790	97
right	Latin	search_term	17u0	4
right	Latin	search_term	1800	8
right	Spanish	search_term	1510	1
right	Spanish	search_term	1530	1
right	Spanish	search_term	1540	4
right	Spanish	search_term	1550	8
right	Spanish	search_term	1560	6
right	Spanish	search_term	1570	4
right	Spanish	search_term	1580	14
right	Spanish	search_term	1590	11
right	Spanish	search_term	1600	19
right	Spanish	search_term	1610	18
right	Spanish	search_term	1620	32
right	Spanish	search_term	1630	45
right	Spanish	search_term	1640	41
right	Spanish	search_term	1650	40
right	Spanish	search_term	1660	31
right	Spanish	search_term	1670	22
right	Spanish	search_term	1680	13
right	Spanish	search_term	1690	17
right	Spanish	search_term	16u0	6
right	Spanish	search_term	1700	26
right	Spanish	search_term	1710	33
right	Spanish	search_term	1720	61
right	Spanish	search_term	1730	42
right	Spanish	search_term	1740	83
right	Spanish	search_term	1750	62
right	Spanish	search_term	1760	73
right	Spanish	search_term	1770	105
right	Spanish	search_term	1780	129
right	Spanish	search_term	1790	57
right	Spanish	search_term	17u0	14
right	Spanish	search_term	1800	11
science	Dutch	search_term	1610	1
science	Dutch	search_term	1650	3
science	Dutch	search_term	1670	3
science	Dutch	search_term	1730	1
science	Dutch	search_term	1750	1
science	Dutch	search_term	1770	1
science	Dutch	search_term	1780	1
science	Dutch	search_term	1790	2
science	English	search_term	1500	1
science	English	search_term	1520	12
science	English	search_term	1530	11
science	English	search_term	1540	1
science	English	search_term	1550	1
science	English	search_term	1560	9
science	English	search_term	1570	119
science	English	search_term	1580	23
science	English	search_term	1590	35
science	English	search_term	1600	2
science	English	search_term	1610	18
science	English	search_term	1620	5
science	English	search_term	1630	9
science	English	search_term	1640	7
science	English	search_term	1650	59
science	English	search_term	1660	45
science	English	search_term	1670	25
science	English	search_term	1680	46
science	English	search_term	1690	101
science	English	search_term	1700	12
science	English	search_term	1710	55
science	English	search_term	1720	92
science	English	search_term	1730	60
science	English	search_term	1740	86
science	English	search_term	1750	78
science	English	search_term	1760	104
science	English	search_term	1770	212
science	English	search_term	1780	296
science	English	search_term	1790	660
science	English	search_term	17u0	2
science	English	search_term	1800	125
science	French	search_term	1500	4
science	French	search_term	1510	6
science	French	search_term	1520	5
science	French	search_term	1530	9
science	French	search_term	1540	16
science	French	search_term	1550	6
science	French	search_term	1560	26
science	French	search_term	1570	11
science	French	search_term	1580	12
science	French	search_term	1590	5
science	French	search_term	15u0	1
science	French	search_term	1600	15
science	French	search_term	1610	19
science	French	search_term	1620	33
science	French	search_term	1630	33
science	French	search_term	1640	68
science	French	search_term	1650	68
science	French	search_term	1660	97
science	French	search_term	1670	100
science	French	search_term	1680	33
science	French	search_term	1690	82
science	French	search_term	16u0	2
science	French	search_term	1700	43
science	French	search_term	1710	72
science	French	search_term	1720	86
science	French	search_term	1730	70
science	French	search_term	1740	66
science	French	search_term	1750	164
science	French	search_term	1760	104
science	French	search_term	1770	223
science	French	search_term	1780	164
science	French	search_term	1790	117
science	French	search_term	17u0	6
science	French	search_term	1800	29
science	German	search_term	1640	5
science	German	search_term	1650	1
science	German	search_term	1670	3
science	German	search_term	1680	3
science	German	search_term	1690	1
science	German	search_term	1700	10
science	German	search_term	1710	9
science	German	search_term	1720	5
science	German	search_term	1730	16
science	German	search_term	1740	8
science	German	search_term	1750	20
science	German	search_term	1760	50
science	German	search_term	1770	34
science	German	search_term	1780	28
science	German	search_term	1790	43
science	German	search_term	1800	6
science	Italian	search_term	1520	3
science	Italian	search_term	1540	8
science	Italian	search_term	1550	7
science	Italian	search_term	1560	19
science	Italian	search_term	1570	10
science	Italian	search_term	1580	52
science	Italian	search_term	1590	12
science	Italian	search_term	15u0	1
science	Italian	search_term	1600	21
science	Italian	search_term	1610	1
science	Italian	search_term	1620	14
science	Italian	search_term	1630	9
science	Italian	search_term	1640	10
science	Italian	search_term	1650	4
science	Italian	search_term	1660	7
science	Italian	search_term	1670	11
science	Italian	search_term	1680	11
science	Italian	search_term	1690	7
science	Italian	search_term	1700	13
science	Italian	search_term	1710	32
science	Italian	search_term	1720	33
science	Italian	search_term	1730	60
science	Italian	search_term	1740	97
science	Italian	search_term	1750	70
science	Italian	search_term	1760	52
science	Italian	search_term	1770	46
science	Italian	search_term	1780	129
science	Italian	search_term	1790	71
science	Italian	search_term	17u0	1
science	Italian	search_term	1800	6
science	Latin	search_term	1500	15
science	Latin	search_term	1510	6
science	Latin	search_term	1520	32
science	Latin	search_term	1530	12
science	Latin	search_term	1540	25
science	Latin	search_term	1550	16
science	Latin	search_term	1560	18
science	Latin	search_term	1570	12
science	Latin	search_term	1580	22
science	Latin	search_term	1590	12
science	Latin	search_term	1600	26
science	Latin	search_term	1610	10
science	Latin	search_term	1620	8
science	Latin	search_term	1630	35
science	Latin	search_term	1640	36
science	Latin	search_term	1650	46
science	Latin	search_term	1660	50
science	Latin	search_term	1670	48
science	Latin	search_term	1680	67
science	Latin	search_term	1690	10
science	Latin	search_term	16u0	1
science	Latin	search_term	1700	26
science	Latin	search_term	1710	27
science	Latin	search_term	1720	24
science	Latin	search_term	1730	49
science	Latin	search_term	1740	59
science	Latin	search_term	1750	36
science	Latin	search_term	1760	22
science	Latin	search_term	1770	15
science	Latin	search_term	1780	4
science	Latin	search_term	1790	8
science	Latin	search_term	17u0	4
science	Latin	search_term	1800	2
science	Spanish	search_term	1590	3
science	Spanish	search_term	1600	1
science	Spanish	search_term	1610	2
science	Spanish	search_term	1640	3
science	Spanish	search_term	1660	8
science	Spanish	search_term	1670	7
science	Spanish	search_term	1690	7
science	Spanish	search_term	1700	1
science	Spanish	search_term	1720	11
science	Spanish	search_term	1730	2
science	Spanish	search_term	1740	6
science	Spanish	search_term	1750	4
science	Spanish	search_term	1760	1
science	Spanish	search_term	1770	13
science	Spanish	search_term	1780	11
science	Spanish	search_term	1790	22
science	Spanish	search_term	17u0	4
science	Spanish	search_term	1800	7
state	Dutch	search_term	1610	2
state	Dutch	search_term	1630	1
state	Dutch	search_term	1640	2
state	Dutch	search_term	1650	5
state	Dutch	search_term	1660	42
state	Dutch	search_term	1670	10
state	Dutch	search_term	1680	55
state	Dutch	search_term	1690	35
state	Dutch	search_term	1700	36
state	Dutch	search_term	1710	18
state	Dutch	search_term	1720	26
state	Dutch	search_term	1730	52
state	Dutch	search_term	1740	60
state	Dutch	search_term	1750	45
state	Dutch	search_term	1760	45
state	Dutch	search_term	1770	46
state	Dutch	search_term	1780	140
state	Dutch	search_term	1790	88
state	Dutch	search_term	17u0	1
state	Dutch	search_term	1800	6
state	English	search_term	1500	3
state	English	search_term	1520	7
state	English	search_term	1530	21
state	English	search_term	1540	139
state	English	search_term	1550	137
state	English	search_term	1560	34
state	English	search_term	1570	208
state	English	search_term	1580	218
state	English	search_term	1590	273
state	English	search_term	1600	451
state	English	search_term	1610	344
state	English	search_term	1620	695
state	English	search_term	1630	578
state	English	search_term	1640	2642
state	English	search_term	1650	2212
state	English	search_term	1660	1478
state	English	search_term	1670	2112
state	English	search_term	1680	2954
state	English	search_term	1690	2450
state	English	search_term	16u0	11
state	English	search_term	1700	2989
state	English	search_term	1710	3681
state	English	search_term	1720	2577
state	English	search_term	1730	3064
state	English	search_term	1740	3475
state	English	search_term	1750	3383
state	English	search_term	1760	3545
state	English	search_term	1770	8240
state	English	search_term	1780	16932
state	English	search_term	1790	30675
state	English	search_term	17u0	45
state	English	search_term	1800	3467
state	French	search_term	1500	2
state	French	search_term	1540	2
state	French	search_term	1560	4
state	French	search_term	1570	8
state	French	search_term	1580	12
state	French	search_term	1610	10
state	French	search_term	1620	2
state	French	search_term	1630	8
state	French	search_term	1640	14
state	French	search_term	1650	10
state	French	search_term	1660	22
state	French	search_term	1670	56
state	French	search_term	1680	186
state	French	search_term	1690	208
state	French	search_term	1700	222
state	French	search_term	1710	310
state	French	search_term	1720	276
state	French	search_term	1730	152
state	French	search_term	1740	220
state	French	search_term	1750	368
state	French	search_term	1760	280
state	French	search_term	1770	336
state	French	search_term	1780	2206
state	French	search_term	1790	910
state	French	search_term	17u0	8
state	French	search_term	1800	18
state	German	search_term	1520	3
state	German	search_term	1530	2
state	German	search_term	1540	1
state	German	search_term	1550	1
state	German	search_term	1560	1
state	German	search_term	1590	1
state	German	search_term	1610	1
state	German	search_term	1620	1
state	German	search_term	1630	1
state	German	search_term	1640	6
state	German	search_term	1650	6
state	German	search_term	1660	21
state	German	search_term	1670	26
state	German	search_term	1680	58
state	German	search_term	1690	58
state	German	search_term	16u0	3
state	German	search_term	1700	54
state	German	search_term	1710	91
state	German	search_term	1720	71
state	German	search_term	1730	70
state	German	search_term	1740	36
state	German	search_term	1750	102
state	German	search_term	1760	76
state	German	search_term	1770	112
state	German	search_term	1780	211
state	German	search_term	1790	155
state	German	search_term	17u0	4
state	German	search_term	1800	21
state	Italian	search_term	1500	3
state	Italian	search_term	1510	1
state	Italian	search_term	1520	7
state	Italian	search_term	1530	14
state	Italian	search_term	1540	4
state	Italian	search_term	1550	11
state	Italian	search_term	1560	32
state	Italian	search_term	1570	51
state	Italian	search_term	1580	70
state	Italian	search_term	1590	120
state	Italian	search_term	15u0	2
state	Italian	search_term	1600	84
state	Italian	search_term	1610	78
state	Italian	search_term	1620	87
state	Italian	search_term	1630	56
state	Italian	search_term	1640	102
state	Italian	search_term	1650	57
state	Italian	search_term	1660	55
state	Italian	search_term	1670	77
state	Italian	search_term	1680	62
state	Italian	search_term	1690	57
state	Italian	search_term	16u0	10
state	Italian	search_term	1700	53
state	Italian	search_term	1710	49
state	Italian	search_term	1720	58
state	Italian	search_term	1730	65
state	Italian	search_term	1740	40
state	Italian	search_term	1750	81
state	Italian	search_term	1760	92
state	Italian	search_term	1770	110
state	Italian	search_term	1780	155
state	Italian	search_term	1790	151
state	Italian	search_term	17u0	8
state	Italian	search_term	1800	14
state	Latin	search_term	1560	6
state	Latin	search_term	1580	4
state	Latin	search_term	1600	6
state	Latin	search_term	1610	9
state	Latin	search_term	1620	9
state	Latin	search_term	1630	23
state	Latin	search_term	1640	8
state	Latin	search_term	1650	9
state	Latin	search_term	1660	4
state	Latin	search_term	1670	5
state	Latin	search_term	1690	3
state	Latin	search_term	1710	6
state	Latin	search_term	1720	6
state	Latin	search_term	1730	7
state	Latin	search_term	1740	5
state	Latin	search_term	1750	4
state	Latin	search_term	1760	4
state	Latin	search_term	1770	1
state	Latin	search_term	1790	2
state	Spanish	search_term	1520	3
state	Spanish	search_term	1530	2
state	Spanish	search_term	1540	9
state	Spanish	search_term	1550	12
state	Spanish	search_term	1560	13
state	Spanish	search_term	1570	5
state	Spanish	search_term	1580	21
state	Spanish	search_term	1590	58
state	Spanish	search_term	15u0	2
state	Spanish	search_term	1600	52
state	Spanish	search_term	1610	68
state	Spanish	search_term	1620	110
state	Spanish	search_term	1630	60
state	Spanish	search_term	1640	50
state	Spanish	search_term	1650	36
state	Spanish	search_term	1660	32
state	Spanish	search_term	1670	28
state	Spanish	search_term	1680	41
state	Spanish	search_term	1690	28
state	Spanish	search_term	16u0	12
state	Spanish	search_term	1700	40
state	Spanish	search_term	1710	40
state	Spanish	search_term	1720	33
state	Spanish	search_term	1730	35
state	Spanish	search_term	1740	75
state	Spanish	search_term	1750	49
state	Spanish	search_term	1760	50
state	Spanish	search_term	1770	122
state	Spanish	search_term	1780	173
state	Spanish	search_term	1790	248
state	Spanish	search_term	17u0	20
state	Spanish	search_term	1800	22
violence	Dutch	search_term	1650	1
violence	Dutch	search_term	1700	2
violence	Dutch	search_term	1750	1
violence	Dutch	search_term	1780	9
violence	English	search_term	1500	1
violence	English	search_term	1580	4
violence	English	search_term	1590	3
violence	English	search_term	1600	2
violence	English	search_term	1610	8
violence	English	search_term	1630	4
violence	English	search_term	1640	70
violence	English	search_term	1650	60
violence	English	search_term	1660	26
violence	English	search_term	1670	21
violence	English	search_term	1680	15
violence	English	search_term	1690	23
violence	English	search_term	1700	3
violence	English	search_term	1710	15
violence	English	search_term	1720	10
violence	English	search_term	1730	9
violence	English	search_term	1740	16
violence	English	search_term	1750	12
violence	English	search_term	1760	22
violence	English	search_term	1770	29
violence	English	search_term	1780	38
violence	English	search_term	1790	59
violence	French	search_term	1610	3
violence	French	search_term	1620	2
violence	French	search_term	1640	1
violence	French	search_term	1670	2
violence	French	search_term	1680	4
violence	French	search_term	1690	1
violence	French	search_term	1710	1
violence	French	search_term	1720	1
violence	French	search_term	1730	4
violence	French	search_term	1750	3
violence	French	search_term	1760	1
violence	French	search_term	1780	19
violence	French	search_term	1790	33
violence	German	search_term	1500	1
violence	German	search_term	1510	10
violence	German	search_term	1520	93
violence	German	search_term	1530	38
violence	German	search_term	1540	22
violence	German	search_term	1550	24
violence	German	search_term	1560	21
violence	German	search_term	1570	10
violence	German	search_term	1580	18
violence	German	search_term	1590	15
violence	German	search_term	15u0	5
violence	German	search_term	1600	2
violence	German	search_term	1610	17
violence	German	search_term	1620	9
violence	German	search_term	1630	9
violence	German	search_term	1640	1
violence	German	search_term	1660	6
violence	German	search_term	1670	7
violence	German	search_term	1680	4
violence	German	search_term	1690	13
violence	German	search_term	1700	18
violence	German	search_term	1710	13
violence	German	search_term	1720	10
violence	German	search_term	1730	1
violence	German	search_term	1740	15
violence	German	search_term	1750	16
violence	German	search_term	1760	15
violence	German	search_term	1770	12
violence	German	search_term	1780	21
violence	German	search_term	1790	21
violence	Italian	search_term	1560	1
violence	Italian	search_term	1570	1
violence	Italian	search_term	1650	1
violence	Italian	search_term	1700	4
violence	Latin	search_term	1590	1
violence	Latin	search_term	1600	1
violence	Latin	search_term	1690	2
violence	Latin	search_term	1730	1
violence	Spanish	search_term	1660	1
violence	Spanish	search_term	1670	1
violence	Spanish	search_term	1690	1
violence	Spanish	search_term	1730	2
violence	Spanish	search_term	1750	2
violence	Spanish	search_term	1760	1
violence	Spanish	search_term	1790	3
violence	Spanish	search_term	17u0	2
common	Latin	common_term	1500	
common	Latin	common_term	1510	
common	Latin	common_term	1520	694.3333333333334
common	Latin	common_term	1530	761.6666666666666
common	Latin	common_term	1540	809.3333333333334
common	Latin	common_term	1550	919.3333333333334
common	Latin	common_term	1560	928.3333333333334
common	Latin	common_term	1570	900.6666666666666
common	Latin	common_term	1580	822.0
common	Latin	common_term	1590	806.0
common	Latin	common_term	1600	831.6666666666666
common	Latin	common_term	1610	892.6666666666666
common	Latin	common_term	1620	873.3333333333334
common	Latin	common_term	1630	819.3333333333334
common	Latin	common_term	1640	673.3333333333334
common	Latin	common_term	1650	658.6666666666666
common	Latin	common_term	1660	675.0
common	Latin	common_term	1670	788.6666666666666
common	Latin	common_term	1680	1001.3333333333334
common	Latin	common_term	1690	1131.6666666666667
common	Latin	common_term	1700	1207.3333333333333
common	Latin	common_term	1710	1209.0
common	Latin	common_term	1720	1244.0
common	Latin	common_term	1730	1291.6666666666667
common	Latin	common_term	1740	1353.0
common	Latin	common_term	1750	1570.3333333333333
common	Latin	common_term	1760	1698.3333333333333
common	Latin	common_term	1770	1876.3333333333333
common	Latin	common_term	1780	2032.0
common	Latin	common_term	1790	2539.3333333333335
common	Dutch	common_term	1500	
common	Dutch	common_term	1510	
common	Dutch	common_term	1520	27.666666666666668
common	Dutch	common_term	1530	28.666666666666668
common	Dutch	common_term	1540	27.333333333333332
common	Dutch	common_term	1550	48.0
common	Dutch	common_term	1560	64.0
common	Dutch	common_term	1570	124.33333333333333
common	Dutch	common_term	1580	173.66666666666666
common	Dutch	common_term	1590	198.33333333333334
common	Dutch	common_term	1600	255.0
common	Dutch	common_term	1610	297.6666666666667
common	Dutch	common_term	1620	329.6666666666667
common	Dutch	common_term	1630	259.6666666666667
common	Dutch	common_term	1640	253.66666666666666
common	Dutch	common_term	1650	352.6666666666667
common	Dutch	common_term	1660	531.6666666666666
common	Dutch	common_term	1670	550.3333333333334
common	Dutch	common_term	1680	534.0
common	Dutch	common_term	1690	371.6666666666667
common	Dutch	common_term	1700	350.3333333333333
common	Dutch	common_term	1710	232.33333333333334
common	Dutch	common_term	1720	206.0
common	Dutch	common_term	1730	124.0
common	Dutch	common_term	1740	136.66666666666666
common	Dutch	common_term	1750	141.66666666666666
common	Dutch	common_term	1760	175.0
common	Dutch	common_term	1770	179.33333333333334
common	Dutch	common_term	1780	225.0
common	Dutch	common_term	1790	246.0
common	German	common_term	1500	
common	German	common_term	1510	
common	German	common_term	1520	540.6666666666666
common	German	common_term	1530	640.6666666666666
common	German	common_term	1540	760.0
common	German	common_term	1550	439.3333333333333
common	German	common_term	1560	436.6666666666667
common	German	common_term	1570	382.3333333333333
common	German	common_term	1580	349.6666666666667
common	German	common_term	1590	363.0
common	German	common_term	1600	343.3333333333333
common	German	common_term	1610	299.3333333333333
common	German	common_term	1620	239.0
common	German	common_term	1630	209.66666666666666
common	German	common_term	1640	179.33333333333334
common	German	common_term	1650	168.33333333333334
common	German	common_term	1660	182.0
common	German	common_term	1670	201.66666666666666
common	German	common_term	1680	229.0
common	German	common_term	1690	278.6666666666667
common	German	common_term	1700	349.0
common	German	common_term	1710	398.0
common	German	common_term	1720	420.6666666666667
common	German	common_term	1730	466.3333333333333
common	German	common_term	1740	615.0
common	German	common_term	1750	744.3333333333334
common	German	common_term	1760	827.0
common	German	common_term	1770	1062.6666666666667
common	German	common_term	1780	1620.0
common	German	common_term	1790	2168.0
common	English	common_term	1500	
common	English	common_term	1510	
common	English	common_term	1520	617.6666666666666
common	English	common_term	1530	774.0
common	English	common_term	1540	1007.6666666666666
common	English	common_term	1550	874.0
common	English	common_term	1560	909.3333333333334
common	English	common_term	1570	930.0
common	English	common_term	1580	1210.6666666666667
common	English	common_term	1590	1472.6666666666667
common	English	common_term	1600	1895.3333333333333
common	English	common_term	1610	2156.6666666666665
common	English	common_term	1620	3048.3333333333335
common	English	common_term	1630	3373.0
common	English	common_term	1640	15145.333333333334
common	English	common_term	1650	16392.666666666668
common	English	common_term	1660	17775.333333333332
common	English	common_term	1670	6546.333333333333
common	English	common_term	1680	6935.0
common	English	common_term	1690	6628.333333333333
common	English	common_term	1700	7702.0
common	English	common_term	1710	7279.0
common	English	common_term	1720	7343.666666666667
common	English	common_term	1730	7069.0
common	English	common_term	1740	6713.333333333333
common	English	common_term	1750	7436.0
common	English	common_term	1760	8666.666666666666
common	English	common_term	1770	9705.333333333334
common	English	common_term	1780	10960.0
common	English	common_term	1790	13478.0
common	French	common_term	1500	
common	French	common_term	1510	
common	French	common_term	1520	299.0
common	French	common_term	1530	137.66666666666666
common	French	common_term	1540	183.66666666666666
common	French	common_term	1550	313.3333333333333
common	French	common_term	1560	634.3333333333334
common	French	common_term	1570	813.0
common	French	common_term	1580	1032.6666666666667
common	French	common_term	1590	923.6666666666666
common	French	common_term	1600	1029.0
common	French	common_term	1610	1609.6666666666667
common	French	common_term	1620	2109.3333333333335
common	French	common_term	1630	2213.0
common	French	common_term	1640	1776.3333333333333
common	French	common_term	1650	1447.0
common	French	common_term	1660	1453.3333333333333
common	French	common_term	1670	1269.3333333333333
common	French	common_term	1680	1344.6666666666667
common	French	common_term	1690	1383.6666666666667
common	French	common_term	1700	1818.6666666666667
common	French	common_term	1710	2119.6666666666665
common	French	common_term	1720	3053.0
common	French	common_term	1730	3190.6666666666665
common	French	common_term	1740	3056.6666666666665
common	French	common_term	1750	2418.3333333333335
common	French	common_term	1760	2539.3333333333335
common	French	common_term	1770	3931.6666666666665
common	French	common_term	1780	7678.666666666667
common	French	common_term	1790	18072.666666666668
common	Spanish	common_term	1500	
common	Spanish	common_term	1510	
common	Spanish	common_term	1520	32.333333333333336
common	Spanish	common_term	1530	39.0
common	Spanish	common_term	1540	57.666666666666664
common	Spanish	common_term	1550	97.66666666666667
common	Spanish	common_term	1560	109.0
common	Spanish	common_term	1570	111.33333333333333
common	Spanish	common_term	1580	119.0
common	Spanish	common_term	1590	166.66666666666666
common	Spanish	common_term	1600	211.66666666666666
common	Spanish	common_term	1610	229.66666666666666
common	Spanish	common_term	1620	275.0
common	Spanish	common_term	1630	271.6666666666667
common	Spanish	common_term	1640	245.66666666666666
common	Spanish	common_term	1650	183.33333333333334
common	Spanish	common_term	1660	210.33333333333334
common	Spanish	common_term	1670	237.0
common	Spanish	common_term	1680	261.0
common	Spanish	common_term	1690	215.0
common	Spanish	common_term	1700	218.33333333333334
common	Spanish	common_term	1710	189.33333333333334
common	Spanish	common_term	1720	237.66666666666666
common	Spanish	common_term	1730	252.33333333333334
common	Spanish	common_term	1740	323.3333333333333
common	Spanish	common_term	1750	331.6666666666667
common	Spanish	common_term	1760	472.0
common	Spanish	common_term	1770	785.0
common	Spanish	common_term	1780	1221.3333333333333
common	Spanish	common_term	1790	1437.6666666666667
common	Italian	common_term	1500	
common	Italian	common_term	1510	
common	Italian	common_term	1520	101.33333333333333
common	Italian	common_term	1530	114.66666666666667
common	Italian	common_term	1540	174.66666666666666
common	Italian	common_term	1550	243.66666666666666
common	Italian	common_term	1560	327.3333333333333
common	Italian	common_term	1570	319.0
common	Italian	common_term	1580	356.6666666666667
common	Italian	common_term	1590	299.6666666666667
common	Italian	common_term	1600	298.6666666666667
common	Italian	common_term	1610	202.66666666666666
common	Italian	common_term	1620	194.0
common	Italian	common_term	1630	171.33333333333334
common	Italian	common_term	1640	189.33333333333334
common	Italian	common_term	1650	219.33333333333334
common	Italian	common_term	1660	257.6666666666667
common	Italian	common_term	1670	289.3333333333333
common	Italian	common_term	1680	313.0
common	Italian	common_term	1690	291.6666666666667
common	Italian	common_term	1700	275.3333333333333
common	Italian	common_term	1710	215.0
common	Italian	common_term	1720	194.33333333333334
common	Italian	common_term	1730	186.33333333333334
common	Italian	common_term	1740	215.66666666666666
common	Italian	common_term	1750	260.6666666666667
common	Italian	common_term	1760	266.6666666666667
common	Italian	common_term	1770	269.3333333333333
common	Italian	common_term	1780	328.0
common	Italian	common_term	1790	361.0
